album_name,track_name
Macadelic,1 Threw 8
GO:OD AM,100 Grandkids
Swimming,2009
5 Dollar Pony Rides,5 Dollar Pony Rides
Faces,55
Macadelic,Aliens Fighting Robots (feat. Sir Michael Rocks)
Best Day Ever (5th Anniversary Remastered Edition),All Around the World
K.I.D.S. (Deluxe),All I Want Is You
"I Love Life, Thank You",All That (feat. Bun B)
"I Love Life, Thank You",All This
Macadelic,America (feat. Casey Veggies & Joey Bada$$)
Faces,Angel Dust
Macadelic,Angels (When She Shuts Her Eyes)
Watching Movies with the Sound Off,Aquarium
GO:OD AM,Ascension
Faces,Ave Maria
Watching Movies with the Sound Off,Avian
K.I.D.S. (Deluxe),Ayye
Live From Space,BDE (Best Day Ever) - Live
Best Day Ever (5th Anniversary Remastered Edition),BDE Bonus
K.I.D.S. (Deluxe),Back In The Day
Best Day Ever (5th Anniversary Remastered Edition),Best Day Ever
Watching Movies with the Sound Off,Bird Call
Live From Space,Bird Call - Live
Mac Miller : Live From London (With The Internet),Bird Call - Live In London
Live From Space,Black Bush
Blue Slide Park (Commentary Version),Blue Slide Park
Blue Slide Park (Commentary Version),Blue Slide Park - Commentary
Circles,Blue World
"I Love Life, Thank You",Boom Bap Rap (feat. The Come Up)
GO:OD AM,Brand Name
GO:OD AM,Break the Law
The Divine Feminine,Cinderella (feat. Ty Dolla $ign)
Circles,Circles
Macadelic,Clarity
Watching Movies with the Sound Off (10th Anniversary),Claymation (feat. Vinny Radio) - Bonus Track
GO:OD AM,Clubhouse
"I Love Life, Thank You",Cold Feet
Faces,Colors and Shapes
Swimming,Come Back to Earth
Circles,Complicated
The Divine Feminine,Congratulations (feat. Bilal)
Swimming,Conversation Pt. 1
GO:OD AM,Cut the Check (feat. Chief Keef)
Balloonerism,"DJ's Chord Organ (feat. SZA)"
The Divine Feminine,Dang! (feat. Anderson .Paak)
Macadelic,Desperado
Faces,Diablo
Blue Slide Park,Diamonds & Gold
Balloonerism,Do You Have A Destination?
K.I.D.S. (Deluxe),"Don't Mind If I Do"
Best Day Ever (5th Anniversary Remastered Edition),Donald Trump
Mac Miller : Live From London (With The Internet),Donald Trump - Live In London
GO:OD AM,Doors
Best Day Ever (5th Anniversary Remastered Edition),Down the Rabbit Hole
Swimming,Dunno
Live From Space,Earth (feat. Future)
Live From Space,Eggs Aisle
Blue Slide Park (Commentary Version),English Lane
Blue Slide Park (Commentary Version),English Lane - Commentary
Circles,Everybody
Balloonerism,Excelsior
K.I.D.S. (Deluxe),Face In The Crowd
"I Love Life, Thank You",Family First (feat. Talib Kweli)
Macadelic,Fight the Feeling (feat. Kendrick Lamar & Iman Omari)
Circles (Deluxe),Floating
Blue Slide Park (Commentary Version),Frick Park Market
Blue Slide Park (Commentary Version),Frick Park Market - Commentary
Balloonerism,Friendly Hallucinations
Faces,Friends (feat. ScHoolboy Q)
Macadelic,"Fuck 'Em All"
Faces,Funeral
Balloonerism,Funny Papers
Watching Movies with the Sound Off,Gees (feat. ScHoolboy Q)
Mac Miller : Live From London (With The Internet),Gees - Live In London
K.I.D.S. (Deluxe),Get Em Up
Best Day Ever (5th Anniversary Remastered Edition),Get Up
The Divine Feminine,"God Is Fair, Sexy Nasty (feat. Kendrick Lamar)"
K.I.D.S. (Deluxe),Good Evening
Circles,Good News
Watching Movies with the Sound Off (10th Anniversary),Goosebumpz - Bonus Track
Circles,Hand Me Downs
Circles,Hands
Faces,Happy Birthday
Faces,Here We Go
Blue Slide Park,Hole In My Pocket
Swimming,Hurt Feelings
Mac Miller : Live From London (With The Internet),"I Am Who Am (Killin' Time) - Live In London"
Watching Movies with the Sound Off,"I Am Who Am (Killin' Time) [feat. Niki Randa]"
Circles,I Can See
"I Love Life, Thank You","I Love Life, Thank You"
Best Day Ever (5th Anniversary Remastered Edition),"I'll Be There (feat. Phonte)"
Macadelic,"Ignorant (feat. Cam'ron)"
Live From Space,In The Morning (feat. Thundercat & Syd)
Best Day Ever (5th Anniversary Remastered Edition),In the Air
GO:OD AM,In the Bag
Faces,Inside Outside
Faces,Insomniak (feat. Rick Ross)
Faces,It Just Doesn?t Matter
Watching Movies with the Sound Off,I?m Not Real (feat. Earl Sweatshirt)
Swimming,Jet Fuel
GO:OD AM,Jump
"I Love Life, Thank You",Just a Kid
Best Day Ever (5th Anniversary Remastered Edition),"Keep Floatin' (feat. Wiz Khalifa)"
K.I.D.S. (Deluxe),"Kickin' Incredibly Dope Shit (Intro)"
K.I.D.S. (Deluxe),Knock Knock
K.I.D.S. (Deluxe),Kool Aid & Frozen Pizza
Swimming,Ladders
Live From Space,Life
Best Day Ever (5th Anniversary Remastered Edition),"Life Ain't Easy"
Blue Slide Park,Loitering
Macadelic,Loud
"I Love Life, Thank You",Love Lost
Macadelic,Love Me As I Have Loved You
Macadelic,Lucky Ass Bitch (with Juicy J)
K.I.D.S. (Deluxe),"Mad Flava, Heavy Flow (Interlude) [feat. DJ Bonics]"
Faces,Malibu
Blue Slide Park,Man In The Hat
Balloonerism,Manakins
Watching Movies with the Sound Off,Matches (feat. Ab-Soul)
Blue Slide Park,Missed Calls
Balloonerism,Mrs. Deborah Downer
The Divine Feminine,My Favorite Part
Blue Slide Park (Commentary Version),My Team
Blue Slide Park (Commentary Version),My Team - Commentary
K.I.D.S. (Deluxe),Nikes on My Feet
Watching Movies with the Sound Off (10th Anniversary),"O.K. (feat. Tyler, The Creator) - Bonus Track"
Mac Miller : Live From London (With The Internet),Objects In The Mirror - Live In London
Watching Movies with the Sound Off,Objects in the Mirror
Live From Space,Objects in the Mirror - Live
Blue Slide Park (Commentary Version),Of The Soul
Blue Slide Park (Commentary Version),Of The Soul - Commentary
Circles,Once A Day
Blue Slide Park,One Last Thing
K.I.D.S. (Deluxe),Outside
Best Day Ever (5th Anniversary Remastered Edition),Oy Vey
Blue Slide Park (Commentary Version),PA Nights
Blue Slide Park (Commentary Version),PA Nights - Commentary
K.I.D.S. (Deluxe),Paper Route (feat. Chevy Woods)
Blue Slide Park (Commentary Version),Party On Fifth Ave.
Blue Slide Park (Commentary Version),Party On Fifth Ave. - Commentary
"I Love Life, Thank You",People Under The Stairs
GO:OD AM,Perfect Circle / God Speed
Swimming,Perfecto
The Divine Feminine,Planet God Damn (feat. Njomza)
Best Day Ever (5th Anniversary Remastered Edition),Play Ya Cards
Faces,Polo Jeans (feat. Earl Sweatshirt)
K.I.D.S. (Deluxe),Poppy
"I Love Life, Thank You",Pranks 4 Players (feat. Sir Michael Rocks)
Watching Movies with the Sound Off,REMember
Live From Space,REMember - Live
GO:OD AM,ROS
Faces,Rain (feat. Vince Staples)
Watching Movies with the Sound Off,Red Dot Music (feat. Action Bronson)
Balloonerism,"Rick's Piano"
K.I.D.S. (Deluxe),Ride Around
Circles (Deluxe),Right
GO:OD AM,Rush Hour
Watching Movies with the Sound Off,S.D.S.
Live From Space,S.D.S. - Live
Mac Miller : Live From London (With The Internet),S.D.S. - Live In London
Faces,San Francisco
Swimming,Self Care
K.I.D.S. (Deluxe),Senior Skip Day
Balloonerism,Shangri-La
Best Day Ever (5th Anniversary Remastered Edition),She Said
The Divine Feminine,Skin
Swimming,Small Worlds
Blue Slide Park (Commentary Version),Smile Back
Blue Slide Park (Commentary Version),Smile Back - Commentary
Best Day Ever (5th Anniversary Remastered Edition),Snooze
Swimming,So It Goes
Watching Movies with the Sound Off,Someone Like You
The Divine Feminine,Soulmate
The Divine Feminine,Stay
Balloonerism,Stoned
Macadelic,Sunlight (feat. Iman Omari)
Watching Movies with the Sound Off,Suplexes Inside of Complexes and Duplexes
Circles,Surf
Balloonerism,Tambourine Dream
Circles,"That's On Me"
GO:OD AM,The Festival (feat. Little Dragon)
"I Love Life, Thank You",The Miller Family Reunion
Macadelic,The Mourning After
The Quest,The Quest
Macadelic,The Question (feat. Lil Wayne)
Live From Space,The Question - Live
"I Love Life, Thank You",The Scoop On Heaven
K.I.D.S. (Deluxe),The Spins
Watching Movies with the Sound Off,The Star Room
Watching Movies with the Sound Off (10th Anniversary),The Star Room (OG Version) - Bonus Track
Live From Space,"The Star Room / Killin' Time - Live"
Faces,Therapy
Macadelic,Thoughts from a Balcony
GO:OD AM,Time Flies (feat. Lil B)
Balloonerism,Tomorrow Will Never Know
Balloonerism,Transformations (feat. Delusional Thomas)
GO:OD AM,Two Matches (feat. Ab-Soul)
Faces,Uber (feat. Mike Jones)
Blue Slide Park (Commentary Version),Under The Weather
Blue Slide Park (Commentary Version),Under The Weather - Commentary
Blue Slide Park (Commentary Version),Up All Night
Blue Slide Park (Commentary Version),Up All Night - Commentary
Macadelic,Vitamins
Best Day Ever (5th Anniversary Remastered Edition),Wake Up
Watching Movies with the Sound Off,Watching Movies
Live From Space,Watching Movies - Live
Mac Miller : Live From London (With The Internet),Watching Movies - Live In London
The Divine Feminine,We (feat. CeeLo Green)
Best Day Ever (5th Anniversary Remastered Edition),Wear My Hat
Faces,Wedding
GO:OD AM,Weekend (feat. Miguel)
Faces,What Do You Do (feat. Sir Michael Rocks)
Swimming,"What's the Use?"
GO:OD AM,When in Rome
"I Love Life, Thank You",Willie Dynamite
Swimming,Wings
Circles,Woods
Watching Movies with the Sound Off,Youforia
Live From Space,Youforia - Live
